{
  "model_id": "TinyLlama/TinyLlama-1.1B-Chat-v1.0",
  "backend": "fp16",
  "bits": 4,
  "device": "cpu",
  "max_new_tokens": 32,
  "max_samples": 4,
  "avg_ttft_ms": 2552.0107000011194,
  "avg_latency_ms": 11035.918449997553,
  "throughput_tokens_per_s": 2.899622731446253,
  "perplexity": 10.564530372619629
}